{"employeeResult":[{"Id":0,"employee":"Mike","regular":39.285555555555554,"overtime":0,"doubletime":0,"wageTotal":1056.401736111111,"benefitTotal":36.83201388888889},{"Id":1,"employee":"Steve","regular":40,"overtime":8,"doubletime":1.165833333333329,"wageTotal":1653.5979166666666,"benefitTotal":49.90361111111111},{"Id":2,"employee":"Alex","regular":40,"overtime":3.642777777777784,"doubletime":0,"wageTotal":795.3979166666667,"benefitTotal":44.59847222222221}]}